cpdm_source_id,cpdm_source_name,cpdm_source_stereotype,cpem_id,cpem_name,cpem_stereotype,trace_method,m2t_artifact,solidity_file,trace_status
{69F875BC-AFE8-46D6-8EBE-EC0C39DDEE57},1. Select Diamond,Activity,{89F68126-32BC-478b-B1F0-D17F41F3417D},1. Select Diamond,ContractFunction,inferred-by-M2M-rule/name,function selectDiamond(),ProcessContractP0PurchasingDiamondWithInsuranceContract.sol,traced
{5BC1C92F-57B1-4C69-A5E9-49289FCCE1CA},2. Create Order,Activity,{8AE9F726-7C39-4ca9-9372-1350A2C96E1A},2. Create Order,ContractFunction,inferred-by-M2M-rule/name,function createOrder(),ProcessContractP0PurchasingDiamondWithInsuranceContract.sol,traced
{8C708285-0293-4C81-8EEC-FA9875BFDF87},3. Make Payment,Activity,{D6A8BA22-9593-4196-9FE2-AF270F8F37B3},3. Make Payment,ContractFunction,inferred-by-M2M-rule/name,function makePayment(),ProcessContractP0PurchasingDiamondWithInsuranceContract.sol,traced
{8F0FC379-1057-4E72-AF29-26ED0312A018},4. Issue Insurance,Activity,{A96A09F0-E807-4140-96BC-6711B196A315},4. Issue Insurance,ContractFunction,inferred-by-M2M-rule/name,function issueInsurance(),ProcessContractP0PurchasingDiamondWithInsuranceContract.sol,traced
{1CBBF3A9-4482-4512-9D9C-E88908960ECC},5. Arrange Transport,Activity,{5F7EA7AE-81FB-4427-95C4-995544E1EC4B},5. Arrange Transport,ContractFunction,inferred-by-M2M-rule/name,function arrangeTransport(),ProcessContractP0PurchasingDiamondWithInsuranceContract.sol,traced
{DBDC6E3F-1547-4F3D-9CB7-142B42CB3984},6. Confirm Delivery,Activity,{A02B4FA5-55FC-4065-96BE-45DBD339503B},6. Confirm Delivery,ContractFunction,inferred-by-M2M-rule/name,function confirmDelivery(),ProcessContractP0PurchasingDiamondWithInsuranceContract.sol,traced
{C7A92C89-6CD2-48F6-B4D1-9F05DEAFA517},7. Quality Control,Activity,{C08249FE-F379-445e-A2A2-E2224A0A7FB1},7. Quality Control,ContractFunction,inferred-by-M2M-rule/name,function qualityControl(),ProcessContractP0PurchasingDiamondWithInsuranceContract.sol,traced
{3016F409-98C4-447D-ADD2-2FF745CC3D6C},8. Complete Order,Activity,{70ADF2B6-5D3E-4068-B31B-64BE1C0F65DD},8. Complete Order,ContractFunction,inferred-by-M2M-rule/name,function completeOrder(),ProcessContractP0PurchasingDiamondWithInsuranceContract.sol,traced
{C16EE7C0-A8F0-54B4-88C7-79088338E676},D1. Quality Approved?,Decision,{281440E9-4FED-4c17-8825-F95F98F3BD5C},Approved_D1. Quality Approved?,StateTransition,inferred-by-M2M-rule/name,,ProcessContractP0PurchasingDiamondWithInsuranceContract.sol,traced
,,,{E016B002-8C62-44d9-B1FC-9A007739A02D},Cape Town Diamonds,SupplyChainActor,,,ProcessContractP0PurchasingDiamondWithInsuranceContract.sol,not-traced
{DBDC6E3F-1547-4F3D-9CB7-142B42CB3984},6. Confirm Delivery,Activity,{83FAB90D-3CD2-4687-9FFB-6D2C4AE1969C},confirmDelivery,ContractFunction,inferred-by-M2M-rule/name,,ProcessContractP0PurchasingDiamondWithInsuranceContract.sol,traced
{39B92EA3-D1A4-556F-8AB7-9977546787CF},Delivery Confirmed,Event,{4C517C91-D767-43c3-AB91-0ADCA501EA9F},Delivery Confirmed,BlockchainEvent,inferred-by-M2M-rule/name,event DeliveryConfirmed,ProcessContractP0PurchasingDiamondWithInsuranceContract.sol,traced
{4D1E74BE-FA34-5064-ABE9-05A1853B22CF},Diamond Purchase Contract,Contract,{21BD2080-6FEF-4e1b-94CD-D2CFE126E401},Diamond Purchase Contract,SmartContract,inferred-by-M2M-rule/name,,ProcessContractP0PurchasingDiamondWithInsuranceContract.sol,traced
,,,{F8BE5426-F623-4dcd-AD01-75012457186B},End Buyer,SupplyChainActor,,,ProcessContractP0PurchasingDiamondWithInsuranceContract.sol,not-traced
{8C0250BE-0557-4800-B06E-4DE7A23C5415},Cape Town Diamonds,SupplyChainActor,{6FF16B3A-B26F-4496-B9B4-B8A1BF59F8D4},EthereumIdentity_CapeTownDiamonds,EthereumIdentity,inferred-by-M2M-rule/name,,ProcessContractP0PurchasingDiamondWithInsuranceContract.sol,traced
{39623251-3CFB-4AB8-B5D0-BD6FDF6D41EC},End Buyer,SupplyChainActor,{76DE3A8B-4298-4A01-BE69-CA27A7C3C161},EthereumIdentity_EndBuyer,EthereumIdentity,inferred-by-M2M-rule/name,,ProcessContractP0PurchasingDiamondWithInsuranceContract.sol,traced
{C55C4A56-55D6-4FBA-9270-333432E1C4E5},Insurance Provider,SupplyChainActor,{ABEF46D9-BAAF-4480-9B6F-F1188A474655},EthereumIdentity_InsuranceProvider,EthereumIdentity,inferred-by-M2M-rule/name,,ProcessContractP0PurchasingDiamondWithInsuranceContract.sol,traced
{974EC02E-63CD-4D2C-A197-CAD5F39FA90C},Lesotho Mine,SupplyChainActor,{F67FDE54-A3E6-4B54-A450-7C5E51920CA9},EthereumIdentity_LesothoMine,EthereumIdentity,inferred-by-M2M-rule/name,,ProcessContractP0PurchasingDiamondWithInsuranceContract.sol,traced
,,,{10CC098D-5250-4C85-8146-8EC636B4BAFB},EthereumIdentity_Logistics,EthereumIdentity,,,ProcessContractP0PurchasingDiamondWithInsuranceContract.sol,not-traced
{3946170A-AB7E-4D79-8CCA-BC178D81E1EA},Seville Jewellery Shop,SupplyChainActor,{217C122F-3607-46A3-8AA8-077D3576CB0F},EthereumIdentity_SevilleJewelleryShop,EthereumIdentity,inferred-by-M2M-rule/name,,ProcessContractP0PurchasingDiamondWithInsuranceContract.sol,traced
,,,{0A954D38-E6B9-4b5e-8988-82CFBFE5A851},executePayment,ContractFunction,,,ProcessContractP0PurchasingDiamondWithInsuranceContract.sol,not-traced
{7C108682-E557-433F-B8B4-629BA221A498},IND-DELIVERY-COMPLIANCE,Indicator,{95E5B570-891F-4be6-BD80-0E1E01B96685},Indicator_IND-DELIVERY-COMPLIANCE,BlockchainEvent,inferred-by-M2M-rule/name,event IndicatorINDDELIVERYCOMPLIANCE,ProcessContractP0PurchasingDiamondWithInsuranceContract.sol,traced
,,,{BDA773A1-9E4F-4c9f-9F18-658E0A510765},Insurance Provider,SupplyChainActor,,,ProcessContractP0PurchasingDiamondWithInsuranceContract.sol,not-traced
,,,{CD6EBF46-69BE-4fb8-AAF1-9B86763C5CDF},Lesotho Mine,SupplyChainActor,,,ProcessContractP0PurchasingDiamondWithInsuranceContract.sol,not-traced
{047B8F02-778E-4D0A-9333-EECDDDA00955},MET-DELIVERY-TIME,Metric,{50254CFF-DB55-4624-84EE-1476C4B43CB6},Metric_MET-DELIVERY-TIME,BlockchainEvent,inferred-by-M2M-rule/name,event MetricMETDELIVERYTIME,ProcessContractP0PurchasingDiamondWithInsuranceContract.sol,traced
{3D3CA49E-5329-49EA-B048-6D084E5562E2},OKR-DELIVERY,OKR,{2C005EA9-5990-4a0d-84B6-D09E476EBFCA},OKR_OKR-DELIVERY,BlockchainEvent,inferred-by-M2M-rule/name,event OKROKRDELIVERY,ProcessContractP0PurchasingDiamondWithInsuranceContract.sol,traced
{00125778-C9B2-571B-A13F-166F6F2FDF39},Diamond Purchase Order,Order,{1B43FF45-74B0-41d6-BABB-040CE2FAA793},OrderContract_Diamond Purchase Order,SmartContract,inferred-by-M2M-rule/name,,ProcessContractP0PurchasingDiamondWithInsuranceContract.sol,traced
,,,{3D75C6BF-B9F5-49c2-82C4-6E27500EAA7B},payOrder,ContractFunction,,,ProcessContractP0PurchasingDiamondWithInsuranceContract.sol,not-traced
{E06A3E1B-56A3-4623-8146-0CC1D6368C5A},P0 - Purchasing Diamond with Insurance,SupplyChainProcess,{99B1C3CE-5E39-47de-A6F3-6826450BAB82},ProcessContract_P0 - Purchasing Diamond with Insurance,SmartContract,inferred-by-M2M-rule/name,contract ProcessContractP0PurchasingDiamondWithInsuranceContract,ProcessContractP0PurchasingDiamondWithInsuranceContract.sol,traced
{C16EE7C0-A8F0-54B4-88C7-79088338E676},D1. Quality Approved?,Decision,{BBD064C5-BBE1-4da7-AAE6-AD9D4136C1F7},Rejected_D1. Quality Approved?,StateTransition,inferred-by-M2M-rule/name,,ProcessContractP0PurchasingDiamondWithInsuranceContract.sol,traced
{8C0250BE-0557-4800-B06E-4DE7A23C5415},Cape Town Diamonds,SupplyChainActor,{1B79FA77-B74B-42c3-93D1-9DEE389D182D},RoleBinding_Cape Town Diamonds,ActorRoleBinding,inferred-by-M2M-rule/name,,ProcessContractP0PurchasingDiamondWithInsuranceContract.sol,traced
{39623251-3CFB-4AB8-B5D0-BD6FDF6D41EC},End Buyer,SupplyChainActor,{9F379BCA-0359-47a1-8B84-66559792ABDA},RoleBinding_End Buyer,ActorRoleBinding,inferred-by-M2M-rule/name,,ProcessContractP0PurchasingDiamondWithInsuranceContract.sol,traced
{C55C4A56-55D6-4FBA-9270-333432E1C4E5},Insurance Provider,SupplyChainActor,{57DC286E-A490-44aa-92FD-935E3F0E3919},RoleBinding_Insurance Provider,ActorRoleBinding,inferred-by-M2M-rule/name,,ProcessContractP0PurchasingDiamondWithInsuranceContract.sol,traced
{974EC02E-63CD-4D2C-A197-CAD5F39FA90C},Lesotho Mine,SupplyChainActor,{02DB4C61-7D77-4c36-9DF3-371EB924B21F},RoleBinding_Lesotho Mine,ActorRoleBinding,inferred-by-M2M-rule/name,,ProcessContractP0PurchasingDiamondWithInsuranceContract.sol,traced
{3946170A-AB7E-4D79-8CCA-BC178D81E1EA},Seville Jewellery Shop,SupplyChainActor,{F8788C02-66B5-4f83-A97F-41E637C66F2B},RoleBinding_Seville Jewellery Shop,ActorRoleBinding,inferred-by-M2M-rule/name,,ProcessContractP0PurchasingDiamondWithInsuranceContract.sol,traced
{8D3EFE3A-7D84-4F75-BE11-65755D4AE1CD},Transport / Logistics,SupplyChainActor,{2C808807-6E67-4581-B3AA-40E010C602F4},RoleBinding_Transport / Logistics,ActorRoleBinding,inferred-by-M2M-rule/name,,ProcessContractP0PurchasingDiamondWithInsuranceContract.sol,traced
,,,{F4F7C114-243C-4d81-B561-3DCA1616783A},Seville Jewellery Shop,SupplyChainActor,,,ProcessContractP0PurchasingDiamondWithInsuranceContract.sol,not-traced
{C16EE7C0-A8F0-54B4-88C7-79088338E676},D1. Quality Approved?,Decision,{6549CBE8-C79C-4a68-AA31-C075A7603ADA},State_D1. Quality Approved?,ContractState,inferred-by-M2M-rule/name,,ProcessContractP0PurchasingDiamondWithInsuranceContract.sol,traced
{9BA22C28-972A-5502-A06E-7A608FB3F0F0},Rough Diamond,Product,{253E8F69-55B1-4c51-ABA7-28CB9346FD10},Tokenized_Rough Diamond,TokenizedAsset,inferred-by-M2M-rule/name,,ProcessContractP0PurchasingDiamondWithInsuranceContract.sol,traced
{69F875BC-AFE8-46D6-8EBE-EC0C39DDEE57},1. Select Diamond,Activity,{6A45DA45-547A-4e86-A2E1-8AAFBBB2DA1E},Transition_1. Select Diamond,StateTransition,inferred-by-M2M-rule/name,,ProcessContractP0PurchasingDiamondWithInsuranceContract.sol,traced
{5BC1C92F-57B1-4C69-A5E9-49289FCCE1CA},2. Create Order,Activity,{B2656273-FF30-4218-B8A7-EBEDA58735AE},Transition_2. Create Order,StateTransition,inferred-by-M2M-rule/name,,ProcessContractP0PurchasingDiamondWithInsuranceContract.sol,traced
{8C708285-0293-4C81-8EEC-FA9875BFDF87},3. Make Payment,Activity,{AC4A7ED3-55DD-4be7-8B65-3F41B0EF4CA4},Transition_3. Make Payment,StateTransition,inferred-by-M2M-rule/name,,ProcessContractP0PurchasingDiamondWithInsuranceContract.sol,traced
{8F0FC379-1057-4E72-AF29-26ED0312A018},4. Issue Insurance,Activity,{6E9089F7-F253-44d3-8346-0E13F58AB402},Transition_4. Issue Insurance,StateTransition,inferred-by-M2M-rule/name,,ProcessContractP0PurchasingDiamondWithInsuranceContract.sol,traced
{1CBBF3A9-4482-4512-9D9C-E88908960ECC},5. Arrange Transport,Activity,{CBBD9C43-3D4D-4e3c-8BFC-8A8BEC260C91},Transition_5. Arrange Transport,StateTransition,inferred-by-M2M-rule/name,,ProcessContractP0PurchasingDiamondWithInsuranceContract.sol,traced
{DBDC6E3F-1547-4F3D-9CB7-142B42CB3984},6. Confirm Delivery,Activity,{E6BE56D2-1E8D-423c-AB6E-D03637A3A081},Transition_6. Confirm Delivery,StateTransition,inferred-by-M2M-rule/name,,ProcessContractP0PurchasingDiamondWithInsuranceContract.sol,traced
{C7A92C89-6CD2-48F6-B4D1-9F05DEAFA517},7. Quality Control,Activity,{2B26E580-B468-4d55-828A-C00927AC0598},Transition_7. Quality Control,StateTransition,inferred-by-M2M-rule/name,,ProcessContractP0PurchasingDiamondWithInsuranceContract.sol,traced
{3016F409-98C4-447D-ADD2-2FF745CC3D6C},8. Complete Order,Activity,{4DE24F11-4CBB-4e2c-B11A-145C7A6CF3C7},Transition_8. Complete Order,StateTransition,inferred-by-M2M-rule/name,,ProcessContractP0PurchasingDiamondWithInsuranceContract.sol,traced
,,,{EF526B04-8223-4716-9E19-4F7AF9E0CFE5},Transport / Logistics,SupplyChainActor,,,ProcessContractP0PurchasingDiamondWithInsuranceContract.sol,not-traced
,,,{C16EE7C0-A8F0-54B4-88C7-79088338E676},D1. Quality Approved?,Decision,,,ProcessContractP0PurchasingDiamondWithInsuranceContract.sol,not-traced
,,,{8C0250BE-0557-4800-B06E-4DE7A23C5415},Cape Town Diamonds,SupplyChainActor,,,ProcessContractP0PurchasingDiamondWithInsuranceContract.sol,not-traced
,,,{39623251-3CFB-4AB8-B5D0-BD6FDF6D41EC},End Buyer,SupplyChainActor,,,ProcessContractP0PurchasingDiamondWithInsuranceContract.sol,not-traced
,,,{C55C4A56-55D6-4FBA-9270-333432E1C4E5},Insurance Provider,SupplyChainActor,,,ProcessContractP0PurchasingDiamondWithInsuranceContract.sol,not-traced
,,,{974EC02E-63CD-4D2C-A197-CAD5F39FA90C},Lesotho Mine,SupplyChainActor,,,ProcessContractP0PurchasingDiamondWithInsuranceContract.sol,not-traced
,,,{3946170A-AB7E-4D79-8CCA-BC178D81E1EA},Seville Jewellery Shop,SupplyChainActor,,,ProcessContractP0PurchasingDiamondWithInsuranceContract.sol,not-traced
,,,{8D3EFE3A-7D84-4F75-BE11-65755D4AE1CD},Transport / Logistics,SupplyChainActor,,,ProcessContractP0PurchasingDiamondWithInsuranceContract.sol,not-traced
